qID,number_of_words
1,14
3,10
5,14
7,12
9,15
11,19
13,4
15,7
17,8
19,12
21,9
23,9
25,7
27,7
29,30
31,17
33,4
35,12
37,14
39,9
41,5
43,6
45,9
47,7
49,17
51,14
53,4
55,8
57,8
59,8
61,9
63,16
65,14
67,21
69,8
71,13
73,26
75,30
77,6
79,17
81,4
83,8
85,9
87,16
89,15
91,9
93,11
95,26
97,13
99,5
101,9
103,15
105,5
107,13
109,8
111,7
113,4
115,9
117,28
119,8
121,11
123,14
125,15
127,6
129,9
131,11
133,7
135,8
137,7
139,21
141,6
143,6
145,6
147,17
149,15
151,21
153,6
155,13
157,8
159,5
161,26
163,12
165,26
167,5
169,14
171,9
173,22
175,8
177,9
179,14
181,10
183,16
185,10
187,4
189,6
191,5
193,10
195,6
197,31
199,10
201,20
203,9
205,15
207,8
209,10
211,13
213,7
215,7
217,9
219,11
221,8
223,9
225,9
227,6
229,7
231,13
233,14
235,12
237,14
239,11
241,8
243,12
245,7
247,8
249,7
251,18
253,7
255,12
257,22
259,7
261,5
263,5
265,8
267,12
269,10
271,5
273,9
275,10
277,7
279,7
281,6
283,6
285,10
287,6
289,20
291,10
293,7
295,23
297,12
299,13
301,6
303,8
305,8
307,8
309,4
311,6
313,22
315,10
317,12
319,7
321,7
323,27
325,7
327,9
329,11
331,10
333,8
335,21
337,6
339,16
341,9
343,7
345,8
347,11
349,9
351,7
353,8
355,12
357,8
359,3
361,7
363,8
365,14
367,7
369,12
371,23
373,10
375,23
377,10
379,10
381,8
383,7
385,7
387,18
389,10
391,9
393,8
395,10
397,8
399,16
401,12
403,17
405,8
407,6
409,29
411,22
413,8
415,12
417,17
419,4
421,18
423,35
425,14
427,10
429,15
431,7
433,16
435,9
437,9
439,6
441,6
443,5
445,7
447,12
449,8
451,16
453,18
455,4
457,11
459,16
461,9
463,9
465,21
467,5
469,15
471,8
473,9
475,14
477,12
479,12
481,10
483,41
485,17
487,11
489,13
491,7
493,4
495,6
497,28
499,13
501,7
503,9
505,10
507,8
509,10
511,5
513,15
515,9
517,14
519,13
521,18
523,10
525,8
527,10
530,10
532,22
534,15
536,9
538,7
540,10
542,8
544,36
546,11
548,11
550,15
552,19
554,5
556,11
558,5
560,8
562,16
564,19
566,28
568,10
570,11
572,6
574,13
576,9
578,14
580,16
582,16
584,3
586,6
588,7
590,16
592,8
594,14
596,12
598,7
600,7
602,7
604,4
606,3
608,7
610,19
612,18
614,10
616,8
618,11
620,8
622,7
624,17
626,8
628,6
630,8
632,18
634,7
636,6
638,6
640,47
642,13
644,5
646,5
648,11
650,9
652,12
653,9
655,5
657,5
659,18
661,11
663,8
665,8
667,15
669,12
671,8
673,9
675,30
677,9
679,8
681,3
683,11
685,16
687,9
689,14
691,9
693,6
695,8
697,9
699,7
701,12
703,15
705,8
706,16
708,17
710,16
712,12
714,11
716,5
718,8
720,5
722,36
724,11
726,7
728,11
730,15
732,6
734,8
736,6
738,7
740,28
742,8
744,7
746,7
748,30
750,10
752,8
754,8
756,10
758,10
760,7
762,16
764,9
766,8
768,7
770,12
772,9
774,4
776,9
778,12
780,8
782,9
784,6
786,9
788,3
790,11
792,11
794,33
796,9
798,7
800,6
802,10
804,7
806,9
808,6
810,29
812,14
814,13
816,5
818,28
820,13
822,10
824,30
826,16
828,11
830,7
832,8
834,12
836,6
838,7
840,4
842,7
844,22
846,12
848,13
850,8
852,25
854,10
856,13
858,11
860,10
862,11
864,10
866,8
868,6
870,14
872,8
874,9
876,21
878,11
880,7
882,8
884,8
886,8
888,7
890,9
892,4
894,8
896,17
898,7
900,7
902,13
904,12
906,10
908,9
910,11
912,9
914,14
916,6
918,10
920,15
922,10
924,16
926,5
928,23
930,14
932,8
934,10
936,7
938,14
940,11
942,5
944,15
946,5
948,5
950,5
952,8
954,8
956,4
958,9
960,10
962,7
964,7
966,12
968,3
970,11
972,14
974,7
976,14
978,7
980,10
982,6
984,3
986,9
988,7
990,18
992,4
994,10
996,8
998,11
1000,7
1002,8
1004,9
1006,9
1008,9
1010,8
1012,9
1014,10
1016,10
1018,28
1020,14
1022,5
1024,7
1026,6
1028,12
1030,9
1032,11
1034,4
1036,34
1038,9
1040,11
1042,9
1044,10
1046,6
1048,8
1050,10
1052,12
1054,35
1056,9
1058,11
1060,23
1062,6
1064,6
1066,9
1068,24
1070,14
1072,7
1074,8
1076,18
1078,9
1080,10
1082,4
1084,18
1086,7
1088,8
1090,9
1092,7
1094,9
1096,7
1098,6
1100,17
1102,13
1104,15
1106,12
1108,8
1110,6
1112,9
1114,9
1116,6
1118,10
1120,19
1122,14
1124,6
1126,7
1128,8
1130,9
1132,17
1134,6
1136,27
1138,24
1140,10
1142,9
1144,10
1146,15
1148,10
1150,32
1152,6
1154,7
1156,7
1158,12
1160,8
1162,11
1164,12
1166,10
1168,11
1170,8
1172,23
1174,10
1176,7
1178,12
1180,6
1182,5
1184,7
1186,18
1188,9
1190,7
1192,10
1194,6
1196,18
1198,5
1200,7
1202,8
1204,7
1206,10
1208,8
1210,16
1212,14
1214,7
1216,8
1218,25
1220,23
1222,12
1224,4
1226,8
1228,11
1230,12
1232,9
1234,7
1236,6
1238,13
1240,11
1242,4
1244,12
1246,10
1248,8
1250,8
1252,8
1254,9
1256,12
1258,8
1260,15
1262,12
1264,9
1266,6
1268,7
1270,11
1272,16
1274,28
1276,22
1278,17
1280,6
1282,17
1284,7
1286,8
1288,6
1290,32
1292,7
1293,7
1295,11
1297,9
1299,16
1301,8
1303,8
1305,15
1307,14
1309,7
1311,3
1313,6
1315,9
1317,7
1319,11
1321,6
1323,10
1325,8
1327,5
1329,14
1331,10
1333,12
1335,11
1337,11
1339,18
1341,13
1343,10
1345,7
1347,15
1349,10
1351,16
1353,7
1355,6
1357,16
1359,23
1361,10
1363,15
1365,15
1367,13
1369,6
1371,11
1373,7
1375,11
1377,7
1379,6
1381,9
1383,9
1385,9
1387,9
1389,5
1391,9
1393,13
1395,13
1397,10
1399,10
1401,11
1403,10
1189,8
1406,9
1408,7
1410,5
1412,12
1414,10
1416,5
1418,9
1420,6
1422,4
1424,6
1426,4
1428,6
1430,11
1432,11
1434,9
1436,25
1438,9
1440,7
1442,8
1444,11
1446,11
1448,8
1450,9
1452,24
883,8
1455,23
1457,4
1459,18
1461,10
1463,7
1465,7
1467,8
1469,6
1471,22
1473,13
1475,13
1477,15
1479,16
1481,9
1483,14
1485,15
1487,7
1489,12
1491,19
1493,20
1495,9
1497,11
1499,9
1501,10
1503,10
1505,8
1507,8
1509,12
1511,14
1513,11
1515,12
1517,11
1519,4
1521,14
1523,36
1525,32
1527,9
1529,9
1531,7
1533,15
1535,29
1537,12
1539,10
1541,7
1543,11
1545,32
1547,6
1549,10
1551,20
1553,11
1555,13
1557,9
1559,22
1561,8
1563,19
1565,8
1567,11
1569,6
1571,21
1573,10
1575,14
1577,5
1579,16
1581,7
1583,12
1585,11
1587,10
1589,8
1591,14
1593,10
1595,14
1597,9
1599,16
1601,7
1603,9
1605,9
1607,15
1609,15
1611,8
1613,10
1615,12
1617,8
1619,4
1621,17
1623,21
1625,10
1627,24
1629,4
1631,15
1633,10
1635,6
1637,12
1639,12
1641,11
1643,11
1645,11
1647,4
1649,9
1651,13
1653,9
1655,7
1657,9
1659,7
1661,7
1663,11
1665,10
1667,8
1669,9
1671,5
1673,9
1675,12
1677,10
1679,11
1681,11
1683,26
1685,7
1687,8
1689,9
1691,6
1693,9
1695,7
1697,6
1699,13
1701,9
1703,8
1705,11
1707,10
1709,11
1711,12
1713,7
1715,13
1717,10
1719,24
1721,12
1723,18
1725,11
1727,11
1729,5
1731,24
1733,13
1735,11
1737,11
1739,12
1741,16
1743,9
1745,30
1747,6
1749,14
1751,22
1753,9
1755,15
1757,20
1759,14
1761,13
1763,10
1765,17
1767,10
1769,17
1771,7
1773,5
1775,17
1777,12
1779,14
1781,8
1783,28
1785,7
1787,12
1789,13
1791,6
1793,5
1795,18
1797,12
1799,11
1801,11
1803,10
1805,14
1807,15
1809,10
1811,5
1813,7
1815,7
1817,20
1819,6
1821,16
1823,11
1825,10
1827,7
1829,6
1831,7
1833,10
1835,23
1837,25
1839,5
1841,15
1843,7
1845,7
1847,12
1849,10
1851,12
1853,7
1855,8
1857,7
1859,24
1861,16
1863,5
1865,8
1867,10
1869,9
1871,9
1873,9
1875,9
1877,10
1879,7
1881,9
1883,7
1885,9
1887,6
1889,30
1891,7
1893,8
1895,5
1897,10
1899,7
1901,9
1903,18
1905,7
1907,11
1909,5
1911,13
1913,11
1915,7
1917,10
1919,9
1921,6
1923,10
1925,12
1927,10
1929,9
1931,7
1933,6
1935,25
1937,10
1939,18
1941,9
1943,9
1945,17
1947,18
1949,9
1951,7
1953,13
1955,10
1957,9
1959,12
1961,9
1963,11
1965,8
1967,7
1969,19
1971,14
1973,8
1975,7
1977,9
1979,13
1981,6
1983,13
1985,24
1987,11
1989,11
1991,26
1993,8
1995,13
1997,12
1999,11
2001,6
2003,8
2005,8
2007,9
2009,6
2011,19
2013,19
2015,8
2017,11
2019,8
2021,9
2023,4
2025,7
2027,18
2029,9
2031,8
2033,9
2035,9
2037,10
2039,24
2041,15
2043,11
2045,12
2047,15
2049,8
2050,26
2052,11
2054,6
2056,10
2058,10
2060,8
2062,8
2064,22
2066,32
2068,24
2070,8
2072,9
2074,8
2076,13
2078,8
2080,15
2082,9
2084,9
2086,21
2088,17
2090,8
2092,13
2094,8
2096,9
2098,12
2100,7
2102,6
2104,10
2106,25
2108,8
2110,11
2112,10
2114,12
2116,12
2118,5
2120,5
2122,7
2124,7
2126,9
2128,4
2130,16
2132,13
2134,26
2136,10
2138,18
2140,10
2142,34
2144,10
2146,13
2148,53
2150,19
2152,11
2154,8
2157,10
2159,6
2161,5
2163,7
2165,10
2167,10
2169,12
2171,7
2173,8
2175,9
2177,4
2179,7
2181,10
2183,5
2185,7
2187,10
2189,9
2191,14
2193,12
2195,16
2197,8
2199,5
2201,7
2203,19
2205,15
2207,3
2209,10
2211,8
2213,9
2215,16
2217,19
2219,19
2221,7
2222,8
2224,11
2226,8
2228,5
2230,13
2232,18
2234,12
2236,4
2238,28
2240,9
2242,11
2244,13
2246,12
2248,7
2250,15
2252,6
2254,4
2256,6
2258,10
2260,10
2262,8
2264,15
2266,12
2268,16
2270,9
2272,8
2274,13
2276,6
2278,23
2280,8
2282,12
2284,4
2286,10
2288,12
2290,29
2292,12
2294,27
2296,10
2298,5
2300,10
2302,14
2304,10
2306,7
2308,11
2310,8
2312,9
2314,11
2316,14
2318,9
2320,9
2322,9
2324,8
2326,16
2328,11
2330,32
2332,6
2334,14
2336,14
2338,14
2340,7
2342,10
2344,17
2346,22
2348,9
2350,13
2352,10
2354,12
2356,15
2358,4
2360,9
2362,6
2364,9
2366,10
2368,9
2370,13
2372,10
2374,19
2376,9
2378,11
2380,14
2382,7
2384,31
2386,8
2388,7
2390,12
2392,8
2394,29
2396,3
2398,13
2400,10
2402,39
2404,9
2406,17
2408,10
2410,12
2412,7
2414,8
2416,10
2418,10
2420,10
2422,13
2424,13
2426,12
2428,9
2430,18
2432,13
2434,14
2436,23
2438,8
2440,9
2442,6
2444,10
2446,14
2448,8
2450,24
2452,22
2454,11
2456,12
2458,11
2460,14
2462,14
2464,13
2466,22
2468,15
2470,14
2472,7
2474,8
2476,7
2478,14
2480,11
2482,9
2484,17
2486,5
2488,18
2490,15
2492,12
2494,17
2496,16
2498,15
2500,8
2502,11
2504,6
2506,9
2508,21
2510,12
2512,9
2514,12
2516,10
2518,8
2520,4
2522,13
2524,29
2526,10
2528,4
2530,6
2532,20
2534,11
2536,11
2538,8
2540,12
2542,36
2544,12
2546,17
2548,12
2550,11
2552,9
2554,11
2556,14
2558,10
2560,8
2562,9
2564,18
2566,8
2568,5
2570,24
2572,27
2574,11
2576,9
2578,8
2580,9
2582,10
2584,11
2586,24
2588,37
2590,22
2592,12
2594,35
2596,10
2598,9
2600,21
2602,12
2604,9
2606,17
2608,11
2610,12
2612,14
2614,20
2616,17
2618,8
2620,7
2622,11
2624,19
2626,15
2628,7
2630,10
2632,17
2634,7
2636,7
2638,10
2640,7
2642,8
2644,7
2646,7
2648,13
2650,9
2652,13
2654,12
2656,6
2657,8
2659,8
2661,16
2663,23
2665,10
2667,16
2669,12
2671,15
2673,11
2675,18
2677,8
2679,13
2681,11
2683,7
2685,19
2687,11
2689,16
2691,6
2693,23
2695,13
2697,6
2699,8
2701,20
2703,14
2705,13
2707,22
2709,19
2711,8
2713,5
2715,8
2717,11
2719,6
2721,6
2723,16
2725,20
2727,22
2729,20
2731,8
2733,9
2735,27
2737,17
2739,17
2740,9
2742,12
2744,12
2746,8
2748,16
2750,10
2752,8
2754,15
2756,9
2758,7
2760,14
2762,26
2764,8
2766,9
2768,5
2770,9
2772,8
2774,8
2776,12
2778,9
2780,11
2782,22
2784,8
2786,7
2788,14
2790,8
2792,10
2794,32
2796,8
2798,6
2800,11
2802,9
2804,20
2806,15
2808,10
2810,12
2812,3
2814,7
2816,10
2818,10
2820,20
2822,9
2824,9
2826,14
2828,15
2830,11
2832,10
2834,6
2836,10
2838,5
2840,13
2842,6
2843,5
2845,10
2848,7
2850,12
2852,7
2854,9
2856,13
2858,17
2860,8
2862,7
2864,12
2866,10
2868,16
2870,13
2872,8
2874,11
2876,25
2878,12
2880,6
2882,21
2884,12
2886,8
2888,24
2890,5
2892,22
2894,9
2896,8
2898,28
2900,5
2902,8
2904,14
2906,30
2908,33
2910,8
2912,4
2914,12
2916,9
2918,4
2920,12
2923,8
2925,17
2927,20
2929,15
2931,7
2933,13
2935,4
2937,11
2939,13
2941,17
2943,14
2945,11
2947,9
2949,11
2951,10
2953,8
2955,8
2957,22
2959,7
2961,9
2963,8
2965,13
2967,9
2969,8
2971,10
2973,9
2975,11
2977,28
2979,7
2981,7
2983,23
2985,8
2987,10
2989,8
2991,9
2993,7
2995,12
2997,8
2999,5
3001,17
3003,12
3005,9
3007,20
3009,17
3011,19
3013,5
3015,8
3017,26
3019,4
3021,14
3023,11
3025,7
3027,9
3029,12
3031,8
3033,12
3035,14
3037,11
3039,7
3041,9
3043,23
3045,12
3047,11
3049,11
3051,26
3053,9
3055,12
3057,20
3059,13
3061,15
3063,6
3065,10
3067,7
3069,11
3071,10
3073,6
3075,13
3077,9
3079,9
3081,12
3083,35
3085,10
3087,18
3089,5
3091,9
3093,11
3095,25
3097,15
3099,21
3101,9
3103,15
3105,13
3107,16
3109,7
3111,11
3113,11
3115,10
3117,7
3119,8
3122,8
3124,6
3126,15
3128,6
3130,7
3132,11
3134,24
3136,16
3138,7
3140,15
3142,13
3144,9
3146,4
3148,11
3150,9
3152,14
3154,11
3156,5
3158,15
3160,8
3162,8
3164,26
3166,21
3168,11
3170,9
3172,7
3174,6
3176,9
3178,7
3180,10
3182,16
3184,8
3186,12
3188,19
3190,10
3192,22
3194,20
3196,8
3198,19
3200,11
3202,16
3204,11
3206,8
3208,14
3210,12
3212,9
3214,75
3216,11
3218,17
3220,7
3222,6
3224,10
3226,7
3228,11
3230,17
3232,6
3234,7
3236,10
3238,9
3240,15
3242,9
3244,14
3246,12
3248,4
3250,7
3252,13
3254,27
3256,5
3258,4
3260,8
3262,7
3263,10
3265,9
3267,17
3269,5
3271,10
3273,6
3275,6
3277,11
3279,8
3281,12
3283,14
3285,24
3287,19
3289,19
3291,10
3293,41
3295,7
3297,10
3299,12
3301,19
3303,12
3305,6
3307,9
3309,4
3311,12
3313,11
3315,18
3317,5
3319,6
3321,11
3323,14
3325,6
3327,13
3329,4
3331,9
3333,19
3335,22
3337,7
3339,8
3341,15
3343,20
3345,10
3347,10
3349,19
3351,9
3353,23
3355,13
3357,13
3359,8
3361,11
3363,17
3365,9
3367,12
3369,10
3371,10
3373,8
3375,13
3377,21
3379,18
3381,18
3383,5
3385,27
3387,10
3389,10
3391,5
3393,11
3395,10
3397,19
3399,10
3401,30
3403,6
3405,7
3407,11
3409,8
3411,6
3413,7
3415,16
3417,30
3419,14
3421,12
3423,9
3425,32
3427,13
3429,7
3431,13
3433,14
3435,10
3437,16
3439,10
3441,8
3443,13
3445,13
3447,8
3449,10
3451,12
3453,7
3455,8
3457,9
3459,6
3461,9
3463,9
3465,11
3467,19
3469,7
3471,23
3473,9
3475,10
3477,9
3479,11
3481,4
3483,9
3485,21
3488,8
3490,8
3492,7
3494,7
3496,13
3498,7
3500,9
3502,17
3504,10
3506,5
3508,6
3510,17
3512,10
3514,17
3516,13
3518,10
3520,7
3522,11
3524,10
3526,17
3528,16
3530,8
3532,8
3534,23
3536,9
3538,20
3540,12
3542,6
877,14
3545,14
3547,12
3549,12
3551,10
3553,16
3555,31
3557,10
3559,9
3561,7
3563,4
3565,6
3567,12
3569,25
3571,8
3573,11
3575,8
3577,12
3579,11
3581,5
3583,27
3585,9
3587,6
3589,13
3591,11
3593,8
3595,5
3597,7
3599,11
3601,26
3603,6
3605,7
3607,11
3609,8
3611,19
3613,8
3615,10
3617,12
3619,11
3621,14
3623,9
3625,12
3627,8
3629,8
3631,15
3633,10
3635,7
3637,11
3639,6
3641,13
3643,16
3645,9
3647,11
3649,20
3651,6
3653,20
3655,13
3657,34
3659,6
3661,7
3663,5
3665,18
3667,8
3669,11
3671,10
3673,13
3675,14
3677,8
3679,17
3681,12
3683,9
3685,16
3687,33
3689,16
3691,7
3693,12
3695,12
3697,10
3699,8
3701,13
3703,8
3705,9
3707,12
3709,8
3711,12
3713,10
3715,10
3717,18
3719,10
3721,8
3723,8
3725,15
3727,16
3729,13
3731,5
3733,7
3735,11
3737,3
3739,10
3741,7
3743,13
3745,26
3747,9
3749,6
3751,14
3753,15
3755,10
3757,15
3759,9
3761,12
3763,8
3765,4
3767,9
3769,13
3771,8
2437,7
3774,16
3776,7
3778,20
3780,9
3782,8
3784,17
3786,5
3788,14
3790,7
3792,21
3794,10
3796,10
3798,16
3800,9
3802,12
3804,10
3807,7
3809,9
3811,8
3813,15
3815,21
3817,8
3819,24
3821,15
3823,9
3825,10
3827,31
3829,14
3831,13
3833,13
3835,5
3837,18
3839,7
3841,11
3843,8
3845,30
3847,6
3849,7
3851,20
3853,10
3855,14
3857,9
3859,10
3861,11
3863,13
3865,24
3867,5
3869,12
3871,5
3873,13
3876,13
3878,13
3880,7
3882,11
3884,13
3886,9
3888,23
3890,7
3892,10
3894,11
3896,6
3898,7
3900,8
3902,8
3904,33
3906,18
3908,26
3910,12
3912,14
3914,9
3916,12
3918,8
3920,17
3922,14
3924,13
3926,11
3928,13
3930,12
3932,12
3934,8
3936,23
3938,8
3940,13
3942,9
3944,13
3946,5
3947,8
3949,8
3951,9
3953,3
3955,21
3957,9
3959,8
3961,7
3963,15
3965,6
3967,11
3969,20
3971,9
3973,10
3975,12
3977,12
2,12
4,15
6,10
8,20
10,7
12,19
14,11
16,9
18,12
20,10
22,19
24,8
26,8
28,6
30,30
32,17
34,4
36,8
38,13
40,9
42,7
44,10
46,7
48,11
50,12
52,15
54,6
56,7
58,9
60,14
62,8
64,11
66,15
68,9
70,6
72,14
74,19
76,39
78,7
80,15
82,6
84,7
86,9
88,7
90,18
92,9
94,9
96,13
98,10
100,4
102,10
104,13
106,6
108,11
110,6
112,12
114,18
116,8
118,17
120,6
122,4
124,14
126,11
128,9
130,12
132,9
134,10
136,9
138,4
140,11
142,10
144,5
146,8
148,9
150,18
152,33
154,4
156,22
158,13
160,11
162,14
164,15
166,23
168,9
170,14
172,5
174,22
176,7
178,9
180,14
182,18
184,29
186,10
188,6
190,10
192,5
194,8
196,4
198,20
200,14
202,10
204,7
206,16
208,8
210,10
212,15
214,4
216,8
218,11
220,30
222,7
224,11
226,12
228,7
230,11
232,4
234,27
236,17
238,13
240,5
242,15
244,15
246,8
248,8
250,9
252,6
254,7
256,7
258,19
260,7
262,6
264,6
266,8
268,7
270,6
272,5
274,9
276,8
278,35
280,4
282,27
284,7
286,9
288,8
290,11
292,10
294,10
296,21
298,14
300,11
302,13
304,8
306,15
308,13
310,6
312,13
314,16
316,9
318,7
320,9
322,8
324,35
326,8
328,7
330,15
332,8
334,6
336,13
338,7
340,28
342,23
344,8
346,9
348,19
350,8
352,7
354,10
356,15
358,10
360,7
362,7
364,8
366,17
368,8
370,19
372,23
374,13
376,8
378,14
380,16
382,8
384,13
386,7
388,9
390,15
392,10
394,5
396,7
398,7
400,20
402,9
404,31
406,22
408,9
410,42
412,17
414,5
416,9
418,24
420,4
422,17
424,8
426,7
428,10
430,5
432,9
434,11
436,5
438,30
440,9
442,6
444,5
446,9
448,11
450,10
452,16
454,15
456,5
458,24
460,11
462,11
464,13
466,21
468,12
470,19
472,15
474,9
476,7
478,11
480,24
482,8
484,36
486,15
488,10
490,24
492,11
494,4
496,14
498,12
500,14
502,17
504,10
506,14
508,8
510,11
512,10
514,8
516,11
518,8
520,10
522,12
524,6
526,9
528,7
529,5
531,13
533,21
535,13
537,17
539,11
541,9
543,7
545,22
547,7
549,12
551,9
553,17
555,4
557,5
559,6
561,19
563,17
565,20
567,11
569,7
571,9
573,7
575,11
577,8
579,21
581,16
583,12
585,3
587,6
589,13
591,18
593,9
595,16
597,11
599,6
601,9
603,13
605,5
607,3
609,8
611,21
613,20
615,13
617,8
619,10
621,6
623,10
625,24
627,10
629,9
631,6
633,18
635,5
637,10
639,7
641,17
643,16
645,5
647,4
649,14
651,15
654,10
656,3
658,6
660,29
662,12
664,10
666,24
668,15
670,7
672,8
674,24
676,9
678,7
680,6
682,6
684,6
686,32
688,12
690,14
692,9
694,7
696,7
698,9
700,6
702,12
704,14
707,15
709,25
711,16
713,8
715,11
717,4
719,7
721,5
723,32
725,12
727,9
729,7
731,10
733,16
735,7
737,8
739,7
741,31
743,13
745,9
747,9
749,22
751,14
753,8
755,6
757,14
759,11
761,10
763,13
765,11
767,13
769,8
771,8
773,13
775,4
777,12
779,10
781,12
783,8
785,17
787,10
789,5
791,12
793,12
795,41
797,14
799,9
801,16
803,8
805,8
807,8
809,6
811,37
813,12
815,12
817,6
819,19
821,7
823,10
825,9
827,22
829,14
831,4
833,7
835,31
837,7
839,7
841,5
843,7
845,20
847,8
849,15
851,10
853,25
855,10
857,10
859,6
861,12
863,10
865,17
867,8
869,7
871,11
873,5
875,11
879,12
881,14
885,5
887,10
889,11
891,13
893,6
895,10
897,28
899,8
901,7
903,6
905,7
907,7
909,24
911,17
913,12
915,13
917,7
919,13
921,8
923,9
925,10
927,7
929,27
931,10
933,6
935,12
937,10
939,26
941,5
943,22
945,16
947,30
949,6
951,9
953,6
955,7
957,11
959,10
961,10
963,6
965,9
967,10
969,4
971,14
973,6
975,10
977,13
979,12
981,8
983,7
985,7
987,12
989,4
991,18
993,12
995,9
997,6
999,12
1001,6
1003,5
1005,13
1007,10
1009,4
1011,10
1013,5
1015,7
1017,9
1019,13
1021,18
1023,5
1025,9
1027,4
1029,7
1031,8
1033,9
1035,10
1037,8
1039,9
1041,10
1043,6
1045,11
1047,6
1049,8
1051,11
1053,9
1055,34
1057,13
1059,16
1061,13
1063,7
1065,6
1067,6
1069,24
1071,12
1073,22
1075,9
1077,8
1079,9
1081,9
1083,18
1085,20
1087,7
1089,12
1091,25
1093,7
1095,4
1097,11
1099,8
1101,10
1103,10
1105,7
1107,13
1109,9
1111,5
1113,9
1115,11
1117,6
1119,7
1121,12
1123,11
1125,6
1127,7
1129,13
1131,19
1133,18
1135,5
1137,16
1139,27
1141,10
1143,10
1145,13
1147,10
1149,7
1151,12
1153,5
1155,9
1157,13
1159,9
1161,6
1163,12
1165,16
1167,7
1169,12
1171,6
1173,17
1175,8
1177,11
1179,9
1181,7
1183,7
1185,8
1187,18
1191,8
1193,16
1195,13
1197,35
1199,6
1201,4
1203,10
1205,5
1207,15
1209,9
1211,15
1213,8
1215,8
1217,6
1219,17
1221,15
1223,14
1225,5
1227,8
1229,14
1231,13
1233,9
1235,9
1237,5
1239,9
1241,11
1243,6
1245,8
1247,10
1249,6
1251,8
1253,7
1255,12
1257,13
1259,8
1261,12
1263,14
1265,12
1267,6
1269,14
1271,6
1273,18
1275,21
1277,20
1279,21
1281,7
1283,13
1285,14
1287,8
1289,9
1291,38
1294,9
1296,14
1298,8
1300,28
1302,8
1304,5
1306,10
1308,9
1310,6
1312,4
1314,6
1316,15
1318,9
1320,9
1322,9
1324,10
1326,7
1328,5
1330,19
1332,5
1334,8
1336,11
1338,8
1340,10
1342,8
1344,20
1346,8
1348,14
1350,7
1352,14
1354,9
1356,3
1358,12
1360,18
1362,27
1364,11
1366,25
1368,10
1370,7
1372,10
1374,6
1376,19
1378,5
1380,7
1382,6
1384,19
1386,14
1388,8
1390,9
1392,10
1394,14
1396,10
1398,6
1400,12
1402,8
1404,10
1405,9
1407,7
1409,8
1411,6
1413,9
1415,5
1417,8
1419,23
1421,7
1423,6
1425,8
1427,5
1429,4
1431,9
1433,8
1435,9
1437,8
1439,23
1441,6
1443,10
1445,8
1447,4
1449,7
1451,9
1453,25
1454,8
1456,5
1458,11
1460,29
1462,7
1464,5
1466,15
1468,10
1470,10
1472,8
1474,11
1476,14
1478,12
1480,17
1482,33
1484,9
1486,21
1488,5
1490,31
1492,18
1494,29
1496,9
1498,13
1500,8
1502,13
1504,6
1506,5
1508,11
1510,13
1512,12
1514,9
1516,6
1518,12
1520,17
1522,5
1524,46
1526,7
1528,6
1530,24
1532,10
1534,16
1536,45
1538,4
1540,11
1542,8
1544,11
1546,10
1548,4
1550,6
1552,13
1554,12
1556,22
1558,13
1560,9
1562,25
1564,16
1566,11
1568,18
1570,6
1572,23
1574,9
1576,12
1578,5
1580,17
1582,5
1584,31
1586,10
1588,12
1590,7
1592,13
1594,10
1596,14
1598,25
1600,18
1602,10
1604,13
1606,9
1608,11
1610,41
1612,10
1614,11
1616,10
1618,8
1620,6
1622,8
1624,11
1626,10
1628,8
1630,5
1632,15
1634,10
1636,5
1638,8
1640,12
1642,8
1644,22
1646,10
1648,7
1650,7
1652,18
1654,9
1656,10
1658,11
1660,5
1662,7
1664,10
1666,9
1668,10
1670,9
1672,6
1674,26
1676,11
1678,18
1680,22
1682,10
1684,6
1686,8
1688,11
1690,10
1692,6
1694,10
1696,17
1698,12
1700,8
1702,7
1704,8
1706,7
1708,7
1710,40
1712,13
1714,7
1716,9
1718,19
1720,28
1722,8
1724,23
1726,19
1728,9
1730,4
1732,11
1734,8
1736,11
1738,15
1740,11
1742,16
1744,9
1746,16
1748,6
1750,15
1752,25
1754,10
1756,31
1758,20
1760,14
1762,13
1764,17
1766,18
1768,12
1770,21
1772,6
1774,12
1776,15
1778,12
1780,18
1782,8
1784,15
1786,5
1788,9
1790,7
1792,5
1794,6
1796,10
1798,20
1800,10
1802,13
1804,9
1806,14
1808,13
1810,15
1812,9
1814,6
1816,5
1818,18
1820,6
1822,12
1824,14
1826,11
1828,7
1830,5
1832,7
1834,7
1836,24
1838,7
1840,8
1842,18
1844,11
1846,8
1848,8
1850,15
1852,5
1854,7
1856,14
1858,7
1860,35
1862,16
1864,11
1866,5
1868,14
1870,4
1872,14
1874,9
1876,13
1878,9
1880,6
1882,7
1884,10
1886,7
1888,10
1890,13
1892,11
1894,8
1896,13
1898,12
1900,7
1902,8
1904,16
1906,8
1908,11
1910,6
1912,13
1914,10
1916,7
1918,9
1920,8
1922,6
1924,5
1926,13
1928,9
1930,7
1932,5
1934,5
1936,9
1938,9
1940,5
1942,7
1944,13
1946,16
1948,18
1950,31
1952,7
1954,10
1956,9
1958,11
1960,13
1962,10
1964,12
1966,7
1968,8
1970,19
1972,6
1974,9
1976,11
1978,10
1980,5
1982,6
1984,17
1986,18
1988,17
1990,10
1992,26
1994,6
1996,8
1998,12
2000,11
2002,7
2004,14
2006,12
2008,8
2010,7
2012,30
2014,10
2016,8
2018,12
2020,8
2022,7
2024,3
2026,13
2028,29
2030,25
2032,8
2034,43
2036,8
2038,29
2040,14
2042,11
2044,8
2046,18
2048,10
2051,12
2053,12
2055,6
2057,8
2059,13
2061,9
2063,15
2065,9
2067,19
2069,24
2071,12
2073,14
2075,9
2077,14
2079,11
2081,8
2083,10
2085,8
2087,16
2089,15
2091,8
2093,9
2095,15
2097,10
2099,6
2101,9
2103,10
2105,40
2107,32
2109,9
2111,9
2113,11
2115,12
2117,22
2119,4
2121,16
2123,11
2125,8
2127,22
2129,11
2131,15
2133,14
2135,15
2137,8
2139,12
2141,9
2143,15
2145,6
2147,10
2149,24
2151,12
2153,14
2155,14
2156,9
2158,12
2160,16
2162,6
2164,8
2166,11
2168,11
2170,8
2172,8
2174,10
2176,11
2178,7
2180,8
2182,7
2184,32
2186,7
2188,20
2190,22
2192,13
2194,14
2196,13
2198,5
2200,7
2202,8
2204,19
2206,16
2208,5
2210,11
2212,9
2214,6
2216,12
2218,31
2220,19
2223,12
2225,11
2227,10
2229,4
2231,12
2233,19
2235,15
2237,5
2239,19
2241,9
2243,18
2245,10
2247,7
2249,10
2251,9
2253,6
2255,5
2257,4
2259,14
2261,11
2263,6
2265,40
2267,5
2269,9
2271,6
2273,10
2275,11
2277,20
2279,14
2281,17
2283,11
2285,5
2287,25
2289,13
2291,11
2293,9
2295,55
2297,6
2299,3
2301,12
2303,8
2305,7
2307,6
2309,8
2311,6
2313,12
2315,12
2317,14
2319,11
2321,10
2323,7
2325,7
2327,8
2329,11
2331,23
2333,9
2335,8
2337,17
2339,9
2341,7
2343,15
2345,19
2347,10
2349,10
2351,22
2353,10
2355,25
2357,23
2359,6
2361,26
2363,15
2365,11
2367,9
2369,9
2371,9
2373,11
2375,25
2377,10
2379,10
2381,13
2383,5
2385,24
2387,6
2389,10
2391,8
2393,6
2395,20
2397,4
2399,11
2401,13
2403,18
2405,25
2407,3
2409,21
2411,12
2413,8
2415,10
2417,11
2419,11
2421,10
2423,10
2425,15
2427,8
2429,8
2431,18
2433,19
2435,14
2439,7
2441,8
2443,6
2445,11
2447,9
2449,9
2451,10
2453,23
2455,11
2457,20
2459,17
2461,15
2463,20
2465,20
2467,37
2469,15
2471,11
2473,16
2475,10
2477,7
2479,12
2481,10
2483,17
2485,12
2487,6
2489,11
2491,12
2493,10
2495,6
2497,9
2499,14
2501,6
2503,15
2505,13
2507,11
2509,16
2511,8
2513,9
2515,10
2517,27
2519,15
2521,6
2523,12
2525,16
2527,8
2529,5
2531,6
2533,9
2535,14
2537,12
2539,8
2541,8
2543,23
2545,22
2547,18
2549,8
2551,15
2553,9
2555,6
2557,11
2559,8
2561,8
2563,9
2565,17
2567,7
2569,6
2571,16
2573,15
2575,16
2577,8
2579,8
2581,8
2583,10
2585,19
2587,13
2589,32
2591,18
2593,12
2595,27
2597,9
2599,9
2601,31
2603,11
2605,6
2607,13
2609,9
2611,5
2613,11
2615,26
2617,20
2619,9
2621,8
2623,12
2625,19
2627,19
2629,9
2631,12
2633,9
2635,8
2637,8
2639,23
2641,4
2643,10
2645,8
2647,10
2649,16
2651,11
2653,15
2655,9
2658,6
2660,8
2662,8
2664,11
2666,23
2668,14
2670,13
2672,8
2674,10
2676,18
2678,8
2680,20
2682,9
2684,6
2686,18
2688,13
2690,17
2692,5
2694,8
2696,11
2698,10
2700,8
2702,6
2704,14
2706,18
2708,34
2710,9
2712,9
2714,7
2716,8
2718,11
2720,13
2722,6
2724,32
2726,16
2728,22
2730,22
2732,5
2734,8
2736,30
2738,17
2741,19
2743,12
2745,9
2747,10
2749,29
2751,9
2753,11
2755,12
2757,6
2759,6
2761,6
2763,20
2765,11
2767,11
2769,10
2771,17
2773,16
2775,9
2777,7
2779,13
2781,10
2783,36
2785,13
2787,7
2789,9
2791,12
2793,11
2795,23
2797,10
2799,7
2801,9
2803,8
2805,12
2807,11
2809,9
2811,5
2813,3
2815,7
2817,7
2819,13
2821,16
2823,9
2825,11
2827,11
2829,7
2831,7
2833,14
2835,6
2837,21
2839,6
2841,8
2844,5
2846,18
2847,7
2849,4
2851,34
2853,16
2855,9
2857,10
2859,7
2861,10
2863,20
2865,10
2867,15
2869,16
2871,10
2873,9
2875,10
2877,12
2879,10
2881,7
2883,14
2885,27
2887,8
2889,21
2891,4
2893,21
2895,8
2897,10
2899,15
2901,10
2903,6
2905,15
2907,9
2909,12
2911,23
2913,4
2915,11
2917,9
2919,4
2921,16
2922,11
2924,12
2926,10
2928,20
2930,17
2932,8
2934,16
2936,5
2938,10
2940,9
2942,18
2944,29
2946,12
2948,9
2950,11
2952,20
2954,32
2956,8
2958,29
2960,11
2962,10
2964,13
2966,9
2968,13
2970,10
2972,10
2974,20
2976,8
2978,29
2980,6
2982,9
2984,11
2986,7
2988,9
2990,7
2992,13
2994,9
2996,12
2998,14
3000,6
3002,8
3004,12
3006,8
3008,8
3010,5
3012,10
3014,4
3016,5
3018,21
3020,7
3022,12
3024,8
3026,11
3028,11
3030,8
3032,24
3034,13
3036,12
3038,10
3040,8
3042,10
3044,15
3046,14
3048,10
3050,25
3052,10
3054,10
3056,9
3058,20
3060,20
3062,7
3064,5
3066,11
3068,4
3070,6
3072,27
3074,11
3076,7
3078,8
3080,7
3082,18
3084,8
3086,11
3088,24
3090,8
3092,9
3094,9
3096,21
3098,28
3100,7
3102,4
3104,8
3106,8
3108,5
3110,13
3112,8
3114,6
3116,13
3118,6
3120,11
3121,17
3123,8
3125,6
3127,25
3129,36
3131,8
3133,12
3135,14
3137,9
3139,6
3141,10
3143,18
3145,10
3147,7
3149,6
3151,10
3153,17
3155,10
3157,10
3159,9
3161,10
3163,18
3165,16
3167,11
3169,9
3171,9
3173,9
3175,7
3177,6
3179,11
3181,8
3183,19
3185,15
3187,14
3189,29
3191,22
3193,13
3195,10
3197,11
3199,17
3201,9
3203,15
3205,9
3207,7
3209,11
3211,11
3213,9
3215,13
3217,15
3219,16
3221,8
3223,9
3225,13
3227,14
3229,25
3231,24
3233,30
3235,7
3237,8
3239,9
3241,18
3243,9
3245,14
3247,12
3249,7
3251,7
3253,9
3255,11
3257,10
3259,9
3261,8
3264,10
3266,9
3268,24
3270,7
3272,9
3274,6
3276,7
3278,10
3280,9
3282,11
3284,11
3286,11
3288,31
3290,8
3292,28
3294,8
3296,4
3298,11
3300,12
3302,7
3304,11
3306,6
3308,8
3310,4
3312,29
3314,9
3316,10
3318,7
3320,6
3322,11
3324,32
3326,8
3328,65
3330,12
3332,11
3334,10
3336,14
3338,7
3340,7
3342,12
3344,12
3346,14
3348,10
3350,20
3352,12
3354,9
3356,6
3358,19
3360,7
3362,10
3364,14
3366,10
3368,13
3370,11
3372,9
3374,8
3376,10
3378,9
3380,19
3382,9
3384,11
3386,23
3388,8
3390,10
3392,25
3394,7
3396,7
3398,21
3400,10
3402,9
3404,7
3406,9
3408,12
3410,14
3412,9
3414,25
3416,13
3418,8
3420,7
3422,10
3424,11
3426,17
3428,10
3430,9
3432,8
3434,7
3436,7
3438,4
3440,10
3442,6
3444,13
3446,8
3448,7
3450,11
3452,12
3454,14
3456,8
3458,11
3460,6
3462,12
3464,8
3466,9
3468,16
3470,6
3472,46
3474,21
3476,13
3478,21
3480,17
3482,6
3484,18
3486,21
3487,12
3489,19
3491,9
3493,7
3495,7
3497,14
3499,6
3501,15
3503,16
3505,32
3507,11
3509,6
3511,27
3513,10
3515,9
3517,12
3519,8
3521,7
3523,15
3525,9
3527,8
3529,16
3531,8
3533,7
3535,20
3537,25
3539,16
3541,10
3543,6
3544,14
3546,14
3548,14
3550,14
3552,14
3554,17
3556,30
3558,21
3560,16
3562,8
3564,7
3566,8
3568,13
3570,29
3572,5
3574,6
3576,9
3578,5
3580,16
3582,12
3584,11
3586,7
3588,8
3590,6
3592,12
3594,14
3596,9
3598,6
3600,8
3602,18
3604,5
3606,11
3608,13
3610,7
3612,16
3614,18
3616,8
3618,10
3620,14
3622,14
3624,13
3626,11
3628,25
3630,8
3632,15
3634,11
3636,4
3638,9
3640,9
3642,9
3644,32
3646,24
3648,14
3650,41
3652,28
3654,7
3656,9
3658,9
3660,8
3662,6
3664,7
3666,11
3668,9
3670,11
3672,19
3674,9
3676,12
3678,8
3680,6
3682,8
3684,9
3686,9
3688,33
3690,26
3692,15
3694,11
3696,24
3698,11
3700,5
3702,18
3704,8
3706,9
3708,12
3710,10
3712,7
3714,9
3716,7
3718,9
3720,17
3722,9
3724,7
3726,8
3728,18
3730,9
3732,8
3734,8
3736,6
3738,4
3740,5
3742,6
3744,13
3746,30
3748,8
3750,5
3752,27
3754,14
3756,7
3758,9
3760,8
3762,24
3764,6
3766,3
3768,6
3770,9
3772,7
3773,10
3775,13
3777,12
3779,7
3781,18
3783,8
3785,19
3787,35
3789,5
3791,7
3793,9
3795,9
3797,12
3799,9
3801,10
3803,12
3805,7
3806,10
3808,7
3810,11
3812,3
3814,8
3816,6
3818,8
3820,14
3822,13
3824,8
3826,8
3828,85
3830,14
3832,10
3834,5
3836,6
3838,5
3840,7
3842,5
3844,9
3846,25
3848,7
3850,14
3852,20
3854,8
3856,14
3858,9
3860,10
3862,8
3864,10
3866,26
3868,7
3870,10
3872,8
3874,22
3875,21
3877,13
3879,13
3881,9
3883,10
3885,29
3887,10
3889,21
3891,7
3893,11
3895,11
3897,6
3899,5
3901,8
3903,8
3905,10
3907,7
3909,11
3911,9
3913,12
3915,5
3917,10
3919,12
3921,6
3923,11
3925,10
3927,15
3929,13
3931,12
3933,12
3935,8
3937,8
3939,11
3941,39
3943,8
3945,13
3948,15
3950,8
3952,9
3954,4
3956,23
3958,8
3960,8
3962,20
3964,15
3966,9
3968,15
3970,5
3972,6
3974,15
3976,8
3978,11
